{
  "raw_ensemble": {
    "brier": 0.532736815920398,
    "aver": -0.31381582038337325
  },
  "always_kalshi": {
    "brier": 0.4100788345771144,
    "aver": 0.0
  },
  "best_global_alpha_by_aver": {
    "brier": 0.33734479892718394,
    "aver": 0.0586841353316035
  },
  "learned_policy": {
    "brier": 0.3186330017273192,
    "aver": 0.0957904429038717
  }
}